<?xml version="1.0" encoding="UTF-8" standalone="no"?><bookstore>
    <book category="children">
        <title>Harry Potter</title>
        <author>J K. Rowling</author>
        <year>2005</year>
        <price>29.99</price>
    </book>
    <book category="web">
        <title>Learning XML</title>
        <author>Erik T. Ray</author>
        <year>2003</year>
        <price>39.95</price>	
    </book>
<book category="c1"><title>title1</title><author>author1</author><price>10.0</price><year>2000</year></book></bookstore>